sheet_name,instrument,date,last_price,bid_price,index_oas,secondary_value
Apple gb weekly,AN964384@IBVL Corp,2023-11-03,94.007,93.958,,
Apple gb weekly,AN964384@IBVL Corp,2023-11-10,93.424,93.343,,
Apple gb weekly,AN964384@IBVL Corp,2023-11-17,94.249,94.215,,
Apple gb weekly,AN964384@IBVL Corp,2023-11-24,94.211,94.096,,
Apple gb weekly,AN964384@IBVL Corp,2023-12-01,95.289,95.256,,
Apple gb weekly,AN964384@IBVL Corp,2023-12-08,95.0,94.939,,
Apple gb weekly,AN964384@IBVL Corp,2023-12-15,95.943,95.876,,
Apple gb weekly,AN964384@IBVL Corp,2023-12-22,96.092,96.024,,
Apple gb weekly,AN964384@IBVL Corp,2023-12-29,96.249,96.139,,
Apple gb weekly,AN964384@IBVL Corp,2024-01-05,95.674,95.625,,
Apple gb weekly,AN964384@IBVL Corp,2024-01-12,96.426,96.34,,
Apple gb weekly,AN964384@IBVL Corp,2024-01-19,95.68,95.615,,
Apple gb weekly,AN964384@IBVL Corp,2024-01-26,95.815,95.717,,
Apple gb weekly,AN964384@IBVL Corp,2024-02-02,95.696,95.617,,
Apple gb weekly,AN964384@IBVL Corp,2024-02-09,95.356,95.29,,
Apple gb weekly,AN964384@IBVL Corp,2024-02-16,95.186,95.149,,
Apple gb weekly,AN964384@IBVL Corp,2024-02-23,95.02,94.977,,
Apple gb weekly,AN964384@IBVL Corp,2024-03-01,95.212,95.173,,
Apple gb weekly,AN964384@IBVL Corp,2024-03-08,95.534,95.45,,
Apple gb weekly,AN964384@IBVL Corp,2024-03-15,94.972,94.885,,
Apple gb weekly,AN964384@IBVL Corp,2024-03-22,95.556,95.518,,
Apple gb weekly,AN964384@IBVL Corp,2024-03-29,95.26,95.134,,
Apple gb weekly,AN964384@IBVL Corp,2024-04-05,94.925,94.814,,
Apple gb weekly,AN964384@IBVL Corp,2024-04-12,94.436,94.386,,
Apple gb weekly,AN964384@IBVL Corp,2024-04-19,94.191,94.152,,
Apple gb weekly,AN964384@IBVL Corp,2024-04-26,94.223,94.202,,
Apple gb weekly,AN964384@IBVL Corp,2024-05-03,94.764,94.737,,
Apple gb weekly,AN964384@IBVL Corp,2024-05-10,94.709,94.656,,
Apple gb weekly,AN964384@IBVL Corp,2024-05-17,94.972,94.941,,
Apple gb weekly,AN964384@IBVL Corp,2024-05-24,94.701,94.683,,
Apple gb weekly,AN964384@IBVL Corp,2024-05-31,94.88,94.849,,
Apple gb weekly,AN964384@IBVL Corp,2024-06-07,94.968,94.925,,
Apple gb weekly,AN964384@IBVL Corp,2024-06-14,95.42,95.354,,
Apple gb weekly,AN964384@IBVL Corp,2024-06-21,95.315,95.287,,
Apple gb weekly,AN964384@IBVL Corp,2024-06-28,95.201,95.164,,
Apple gb weekly,AN964384@IBVL Corp,2024-07-05,95.621,95.587,,
Apple gb weekly,AN964384@IBVL Corp,2024-07-12,96.034,95.993,,
Apple gb weekly,AN964384@IBVL Corp,2024-07-19,95.905,95.881,,
Apple gb weekly,AN964384@IBVL Corp,2024-07-26,96.167,96.144,,
Apple gb weekly,AN964384@IBVL Corp,2024-08-02,97.287,97.261,,
Apple gb weekly,AN964384@IBVL Corp,2024-08-09,96.906,96.877,,
Apple gb weekly,AN964384@IBVL Corp,2024-08-16,97.14,97.105,,
Apple gb weekly,AN964384@IBVL Corp,2024-08-23,97.554,97.519,,
Apple gb weekly,AN964384@IBVL Corp,2024-08-30,97.552,97.521,,
Apple gb weekly,AN964384@IBVL Corp,2024-09-06,98.21,98.185,,
Apple gb weekly,AN964384@IBVL Corp,2024-09-13,98.408,98.383,,
Apple gb weekly,AN964384@IBVL Corp,2024-09-20,98.438,98.414,,
Apple gb weekly,AN964384@IBVL Corp,2024-09-27,98.439,98.416,,
Apple gb weekly,AN964384@IBVL Corp,2024-10-04,97.607,97.577,,
Apple gb weekly,AN964384@IBVL Corp,2024-10-11,97.575,97.548,,
Apple gb weekly,AN964384@IBVL Corp,2024-10-18,97.617,97.573,,
Apple gb weekly,AN964384@IBVL Corp,2024-10-25,97.088,97.057,,
Apple gb weekly,AN964384@IBVL Corp,2024-11-01,96.76,96.726,,
Apple gb weekly,AN964384@IBVL Corp,2024-11-08,96.823,96.765,,
Apple gb weekly,AN964384@IBVL Corp,2024-11-15,96.661,96.624,,
Apple gb weekly,AN964384@IBVL Corp,2024-11-22,96.636,96.607,,
Apple gb weekly,AN964384@IBVL Corp,2024-11-29,97.13,97.088,,
Apple gb weekly,AN964384@IBVL Corp,2024-12-06,97.24,97.209,,
Apple gb weekly,AN964384@IBVL Corp,2024-12-13,96.965,96.93,,
Apple gb weekly,AN964384@IBVL Corp,2024-12-20,96.824,96.769,,
Apple gb weekly,AN964384@IBVL Corp,2024-12-27,96.798,96.759,,
Apple gb weekly,AN964384@IBVL Corp,2025-01-03,96.915,96.88,,
Apple gb weekly,AN964384@IBVL Corp,2025-01-10,96.655,96.619,,
Apple gb weekly,AN964384@IBVL Corp,2025-01-17,96.851,96.822,,
Apple gb weekly,AN964384@IBVL Corp,2025-01-24,96.952,96.928,,
Apple gb weekly,AN964384@IBVL Corp,2025-01-31,97.103,97.081,,
Apple gb weekly,AN964384@IBVL Corp,2025-02-07,96.949,96.927,,
Apple gb weekly,AN964384@IBVL Corp,2025-02-14,97.115,97.091,,
Apple gb weekly,AN964384@IBVL Corp,2025-02-21,97.26,97.232,,
Apple gb weekly,AN964384@IBVL Corp,2025-02-28,97.59,97.55,,
Apple gb weekly,AN964384@IBVL Corp,2025-03-07,97.579,97.54,,
Apple gb weekly,AN964384@IBVL Corp,2025-03-14,97.513,97.487,,
Apple gb weekly,AN964384@IBVL Corp,2025-03-21,97.668,97.635,,
Apple gb weekly,AN964384@IBVL Corp,2025-03-28,97.691,97.665,,
Apple gb weekly,AN964384@IBVL Corp,2025-04-04,98.046,97.997,,
Apple gb weekly,AN964384@IBVL Corp,2025-04-11,97.342,97.292,,
Apple gb weekly,AN964384@IBVL Corp,2025-04-18,97.79,97.754,,
Apple gb weekly,AN964384@IBVL Corp,2025-04-25,98.04,98.001,,
Apple gb weekly,AN964384@IBVL Corp,2025-05-02,97.942,97.909,,
Apple gb weekly,AN964384@IBVL Corp,2025-05-09,97.941,97.906,,
Apple gb weekly,AN964384@IBVL Corp,2025-05-16,97.868,97.829,,
Apple gb weekly,AN964384@IBVL Corp,2025-05-23,97.783,97.733,,
Apple gb weekly,AN964384@IBVL Corp,2025-05-30,97.997,97.972,,
Apple gb weekly,AN964384@IBVL Corp,2025-06-06,97.831,97.791,,
Apple gb weekly,AN964384@IBVL Corp,2025-06-13,97.864,97.825,,
Apple gb weekly,AN964384@IBVL Corp,2025-06-20,97.97,97.94,,
Apple gb weekly,AN964384@IBVL Corp,2025-06-27,98.166,98.131,,
Apple gb weekly,AN964384@IBVL Corp,2025-07-04,98.161,98.129,,
Apple gb weekly,AN964384@IBVL Corp,2025-07-11,98.069,98.037,,
Apple gb weekly,AN964384@IBVL Corp,2025-07-18,98.176,98.154,,
Apple gb weekly,AN964384@IBVL Corp,2025-07-25,98.117,98.09,,
Apple gb weekly,AN964384@IBVL Corp,2025-08-01,98.48,98.45,,
Apple gb weekly,AN964384@IBVL Corp,2025-08-08,98.439,98.412,,
Apple gb weekly,AN964384@IBVL Corp,2025-08-15,98.562,98.531,,
Apple gb weekly,AN964384@IBVL Corp,2025-08-22,98.706,98.68,,
Apple gb weekly,AN964384@IBVL Corp,2025-08-29,98.742,98.719,,
Apple gb weekly,AN964384@IBVL Corp,2025-09-05,98.996,98.97,,
Apple gb weekly,AN964384@IBVL Corp,2025-09-12,98.908,98.876,,
Apple gb weekly,AN964384@IBVL Corp,2025-09-19,98.839,98.817,,
Apple gb weekly,AN964384@IBVL Corp,2025-09-26,98.706,98.682,,
Apple gb weekly,AN964384@IBVL Corp,2025-10-03,98.866,98.85,,
Apple gb weekly,AN964384@IBVL Corp,2025-10-10,98.919,98.9,,
Apple gb weekly,AN964384@IBVL Corp,2025-10-17,99.045,99.017,,
Apple gb weekly,AN964384@IBVL Corp,2025-10-24,99.052,99.027,,
Apple gb weekly,AN964384@IBVL Corp,2025-10-31,98.853,98.83,,
Apple gb weekly,AN964384@IBVL Corp,2025-11-07,98.868,98.837,,
Apple gb weekly,AN964384@IBVL Corp,2025-11-14,98.86,98.833,,
Apple gb weekly,AN964384@IBVL Corp,2025-11-21,98.998,98.974,,
Apple gb weekly,AN964384@IBVL Corp,2025-11-28,99.038,99.015,,
Apple gb weekly,AN964384@IBVL Corp,2025-12-05,99.039,99.016,,
Apple gb weekly,AN964384@IBVL Corp,2025-12-12,99.079,99.058,,
Apple gb weekly,AN964384@IBVL Corp,2025-12-19,99.128,99.103,,
Apple gb weekly,AN964384@IBVL Corp,2025-12-26,99.176,99.152,,
Apple gb weekly,AN964384@IBVL Corp,2026-01-02,99.175,99.146,,
Apple gb weekly,AN964384@IBVL Corp,2026-01-09,99.132,99.109,,
Apple gb weekly,AN964384@IBVL Corp,2026-01-16,99.1,99.069,,
Apple gb weekly,AN964384@IBVL Corp,2026-01-23,99.142,99.113,,
Apple gb weekly,AN964384@IBVL Corp,2026-01-30,99.259,99.23,,
BAC GB EUR,ZK885421@BGN Corp,2023-06-30,99.139,98.991,,
BAC GB EUR,ZK885421@BGN Corp,2023-07-31,100.083,99.918,,
BAC GB EUR,ZK885421@BGN Corp,2023-08-31,100.093,99.93,,
BAC GB EUR,ZK885421@BGN Corp,2023-09-29,98.941,98.782,,
BAC GB EUR,ZK885421@BGN Corp,2023-10-31,99.689,99.535,,
BAC GB EUR,ZK885421@BGN Corp,2023-11-30,101.365,101.225,,
BAC GB EUR,ZK885421@BGN Corp,2023-12-29,103.215,103.065,,
BAC GB EUR,ZK885421@BGN Corp,2024-01-31,103.067,102.917,,
BAC GB EUR,ZK885421@BGN Corp,2024-02-29,101.792,101.657,,
BAC GB EUR,ZK885421@BGN Corp,2024-03-29,102.719,102.569,,
BAC GB EUR,ZK885421@BGN Corp,2024-04-30,101.678,101.547,,
BAC GB EUR,ZK885421@BGN Corp,2024-05-31,101.828,101.708,,
BAC GB EUR,ZK885421@BGN Corp,2024-06-28,102.037,101.907,,
BAC GB EUR,ZK885421@BGN Corp,2024-07-31,103.274,103.146,,
BAC GB EUR,ZK885421@BGN Corp,2024-08-30,103.025,102.905,,
BAC GB EUR,ZK885421@BGN Corp,2024-09-30,104.035,103.924,,
BAC GB EUR,ZK885421@BGN Corp,2024-10-31,103.534,103.433,,
BAC GB EUR,ZK885421@BGN Corp,2024-11-29,104.727,104.606,,
BAC GB EUR,ZK885421@BGN Corp,2024-12-31,103.928,103.823,,
BAC GB EUR,ZK885421@BGN Corp,2025-01-31,104.047,103.929,,
BAC GB EUR,ZK885421@BGN Corp,2025-02-28,104.259,104.17,,
BAC GB EUR,ZK885421@BGN Corp,2025-03-31,103.563,103.467,,
BAC GB EUR,ZK885421@BGN Corp,2025-04-30,104.127,104.029,,
BAC GB EUR,ZK885421@BGN Corp,2025-05-30,104.548,104.452,,
BAC GB EUR,ZK885421@BGN Corp,2025-06-30,104.578,104.461,,
BAC GB EUR,ZK885421@BGN Corp,2025-07-31,104.331,104.25,,
BAC GB EUR,ZK885421@BGN Corp,2025-08-29,104.187,104.115,,
BAC GB EUR,ZK885421@BGN Corp,2025-09-30,104.138,104.05,,
BAC GB EUR,ZK885421@BGN Corp,2025-10-31,103.974,103.905,,
BAC GB EUR,ZK885421@BGN Corp,2025-11-28,103.648,103.561,,
BAC GB EUR,ZK885421@BGN Corp,2025-12-31,103.366,103.307,,
BAC GB EUR,ZK885421@BGN Corp,2026-01-30,103.496,103.432,,
BGRN US Equity,BGRN US Equity,2018-11-30,50.312,50.25,,
BGRN US Equity,BGRN US Equity,2018-12-31,50.695,50.84,,
BGRN US Equity,BGRN US Equity,2019-01-31,51.51,51.5,,
BGRN US Equity,BGRN US Equity,2019-02-28,51.58,51.51,,
BGRN US Equity,BGRN US Equity,2019-03-29,52.5913,52.56,,
BGRN US Equity,BGRN US Equity,2019-04-30,52.77,52.77,,
BGRN US Equity,BGRN US Equity,2019-05-31,53.32,53.25,,
BGRN US Equity,BGRN US Equity,2019-06-28,54.35,54.32,,
BGRN US Equity,BGRN US Equity,2019-07-31,55.03,54.94,,
BGRN US Equity,BGRN US Equity,2019-08-30,56.12,56.06,,
BGRN US Equity,BGRN US Equity,2019-09-30,55.63,55.62,,
BGRN US Equity,BGRN US Equity,2019-10-31,55.21,55.12,,
BGRN US Equity,BGRN US Equity,2019-11-29,54.92,54.89,,
BGRN US Equity,BGRN US Equity,2019-12-31,53.635,53.57,,
BGRN US Equity,BGRN US Equity,2020-01-31,54.935,54.89,,
BGRN US Equity,BGRN US Equity,2020-02-28,55.3376,55.28,,
BGRN US Equity,BGRN US Equity,2020-03-31,53.07,53.0,,
BGRN US Equity,BGRN US Equity,2020-04-30,54.22,54.01,,
BGRN US Equity,BGRN US Equity,2020-05-29,54.14,54.1,,
BGRN US Equity,BGRN US Equity,2020-06-30,54.73,54.61,,
BGRN US Equity,BGRN US Equity,2020-07-31,55.5069,55.48,,
BGRN US Equity,BGRN US Equity,2020-08-31,55.14,55.14,,
BGRN US Equity,BGRN US Equity,2020-09-30,55.59,55.55,,
BGRN US Equity,BGRN US Equity,2020-10-30,55.9,55.85,,
BGRN US Equity,BGRN US Equity,2020-11-30,56.07,56.0,,
BGRN US Equity,BGRN US Equity,2020-12-31,56.25,56.19,,
BGRN US Equity,BGRN US Equity,2021-01-29,55.91,55.85,,
BGRN US Equity,BGRN US Equity,2021-02-26,54.8896,54.88,,
BGRN US Equity,BGRN US Equity,2021-03-31,54.665,54.63,,
BGRN US Equity,BGRN US Equity,2021-04-30,54.53,54.49,,
BGRN US Equity,BGRN US Equity,2021-05-31,54.455,54.45,,
BGRN US Equity,BGRN US Equity,2021-06-30,54.74,54.72,,
BGRN US Equity,BGRN US Equity,2021-07-30,55.756,55.74,,
BGRN US Equity,BGRN US Equity,2021-08-31,55.54,55.52,,
BGRN US Equity,BGRN US Equity,2021-09-30,54.87,54.85,,
BGRN US Equity,BGRN US Equity,2021-10-29,54.67,54.66,,
BGRN US Equity,BGRN US Equity,2021-11-30,55.14,55.11,,
BGRN US Equity,BGRN US Equity,2021-12-31,54.26,54.24,,
BGRN US Equity,BGRN US Equity,2022-01-31,53.2682,53.25,,
BGRN US Equity,BGRN US Equity,2022-02-28,52.12,52.12,,
BGRN US Equity,BGRN US Equity,2022-03-31,50.59,50.52,,
BGRN US Equity,BGRN US Equity,2022-04-29,48.47,48.45,,
BGRN US Equity,BGRN US Equity,2022-05-31,48.8,48.73,,
BGRN US Equity,BGRN US Equity,2022-06-30,47.76,47.68,,
BGRN US Equity,BGRN US Equity,2022-07-29,48.91,48.8,,
BGRN US Equity,BGRN US Equity,2022-08-31,47.42,47.39,,
BGRN US Equity,BGRN US Equity,2022-09-30,45.57,45.54,,
BGRN US Equity,BGRN US Equity,2022-10-31,44.82,44.82,,
BGRN US Equity,BGRN US Equity,2022-11-30,46.34,46.38,,
BGRN US Equity,BGRN US Equity,2022-12-30,45.97,45.95,,
BGRN US Equity,BGRN US Equity,2023-01-31,47.3081,47.33,,
BGRN US Equity,BGRN US Equity,2023-02-28,46.14,46.14,,
BGRN US Equity,BGRN US Equity,2023-03-31,47.0906,47.07,,
BGRN US Equity,BGRN US Equity,2023-04-28,47.36,47.31,,
BGRN US Equity,BGRN US Equity,2023-05-31,46.7,46.65,,
BGRN US Equity,BGRN US Equity,2023-06-30,46.5362,46.53,,
BGRN US Equity,BGRN US Equity,2023-07-31,46.54,46.49,,
BGRN US Equity,BGRN US Equity,2023-08-31,46.08,46.06,,
BGRN US Equity,BGRN US Equity,2023-09-29,45.13,45.11,,
BGRN US Equity,BGRN US Equity,2023-10-31,44.43,44.43,,
BGRN US Equity,BGRN US Equity,2023-11-30,46.04,45.98,,
BGRN US Equity,BGRN US Equity,2023-12-29,47.23,47.2,,
BGRN US Equity,BGRN US Equity,2024-01-31,47.12,47.11,,
BGRN US Equity,BGRN US Equity,2024-02-29,46.65,46.6,,
BGRN US Equity,BGRN US Equity,2024-03-29,46.89,46.85,,
BGRN US Equity,BGRN US Equity,2024-04-30,45.92,45.87,,
BGRN US Equity,BGRN US Equity,2024-05-31,46.46,46.46,,
BGRN US Equity,BGRN US Equity,2024-06-28,46.54,46.54,,
BGRN US Equity,BGRN US Equity,2024-07-31,47.33,47.32,,
BGRN US Equity,BGRN US Equity,2024-08-30,47.88,47.82,,
BGRN US Equity,BGRN US Equity,2024-09-30,48.34,48.3,,
BGRN US Equity,BGRN US Equity,2024-10-31,47.25,47.24,,
BGRN US Equity,BGRN US Equity,2024-11-29,47.6,47.59,,
BGRN US Equity,BGRN US Equity,2024-12-31,46.62,46.61,,
BGRN US Equity,BGRN US Equity,2025-01-31,46.9,46.87,,
BGRN US Equity,BGRN US Equity,2025-02-28,47.48,47.46,,
BGRN US Equity,BGRN US Equity,2025-03-31,47.36,47.33,,
BGRN US Equity,BGRN US Equity,2025-04-30,47.26,47.25,,
BGRN US Equity,BGRN US Equity,2025-05-30,47.17,47.12,,
BGRN US Equity,BGRN US Equity,2025-06-30,47.67,47.65,,
BGRN US Equity,BGRN US Equity,2025-07-31,47.54,47.53,,
BGRN US Equity,BGRN US Equity,2025-08-29,47.8421,47.81,,
BGRN US Equity,BGRN US Equity,2025-09-30,48.128,48.1,,
BGRN US Equity,BGRN US Equity,2025-10-31,48.2054,48.18,,
BGRN US Equity,BGRN US Equity,2025-11-28,48.285,48.27,,
BGRN US Equity,BGRN US Equity,2025-12-31,47.9357,47.9,,
BGRN US Equity,BGRN US Equity,2026-01-30,48.0606,48.01,,
GBGLTRUU Index,GBGLTRUU Index,2015-01-30,98.1267,,0.591852,
GBGLTRUU Index,GBGLTRUU Index,2015-02-27,97.7033,,0.542794,
GBGLTRUU Index,GBGLTRUU Index,2015-03-31,95.9663,,0.567573,
GBGLTRUU Index,GBGLTRUU Index,2015-04-30,97.6128,,0.581133,
GBGLTRUU Index,GBGLTRUU Index,2015-05-29,96.0466,,0.585476,
GBGLTRUU Index,GBGLTRUU Index,2015-06-30,95.6622,,0.649684,
GBGLTRUU Index,GBGLTRUU Index,2015-07-31,95.8094,,0.663293,
GBGLTRUU Index,GBGLTRUU Index,2015-08-31,95.8715,,0.708366,
GBGLTRUU Index,GBGLTRUU Index,2015-09-30,95.8741,,0.7637,
GBGLTRUU Index,GBGLTRUU Index,2015-10-30,95.9584,,0.716532,
GBGLTRUU Index,GBGLTRUU Index,2015-11-30,93.9899,,0.687881,
GBGLTRUU Index,GBGLTRUU Index,2015-12-31,94.4708,,0.729931,
GBGLTRUU Index,GBGLTRUU Index,2016-01-29,95.2764,,0.804354,
GBGLTRUU Index,GBGLTRUU Index,2016-02-29,96.1465,,0.850329,
GBGLTRUU Index,GBGLTRUU Index,2016-03-31,99.4298,,0.745587,
GBGLTRUU Index,GBGLTRUU Index,2016-04-29,99.8543,,0.707118,
GBGLTRUU Index,GBGLTRUU Index,2016-05-31,98.6544,,0.687332,
GBGLTRUU Index,GBGLTRUU Index,2016-06-30,99.4874,,0.744914,
GBGLTRUU Index,GBGLTRUU Index,2016-07-29,100.3096,,0.707433,
GBGLTRUU Index,GBGLTRUU Index,2016-08-31,100.1784,,0.648518,
GBGLTRUU Index,GBGLTRUU Index,2016-09-30,100.6367,,0.659442,
GBGLTRUU Index,GBGLTRUU Index,2016-10-31,98.0871,,0.645049,
GBGLTRUU Index,GBGLTRUU Index,2016-11-30,94.8997,,0.759493,
GBGLTRUU Index,GBGLTRUU Index,2016-12-30,94.8123,,0.760399,
GBGLTRUU Index,GBGLTRUU Index,2017-01-31,95.8057,,0.743373,
GBGLTRUU Index,GBGLTRUU Index,2017-02-28,96.0142,,0.780557,
GBGLTRUU Index,GBGLTRUU Index,2017-03-31,96.098,,0.742733,
GBGLTRUU Index,GBGLTRUU Index,2017-04-28,97.8416,,0.690833,
GBGLTRUU Index,GBGLTRUU Index,2017-05-31,100.1702,,0.669896,
GBGLTRUU Index,GBGLTRUU Index,2017-06-30,100.6326,,0.597386,
GBGLTRUU Index,GBGLTRUU Index,2017-07-31,103.1459,,0.551037,
GBGLTRUU Index,GBGLTRUU Index,2017-08-31,104.5778,,0.593906,
GBGLTRUU Index,GBGLTRUU Index,2017-09-29,103.7532,,0.566559,
GBGLTRUU Index,GBGLTRUU Index,2017-10-31,103.4135,,0.58604,
GBGLTRUU Index,GBGLTRUU Index,2017-11-30,104.9297,,0.563719,
GBGLTRUU Index,GBGLTRUU Index,2017-12-29,105.2114,,0.585313,
GBGLTRUU Index,GBGLTRUU Index,2018-01-31,106.8848,,0.540993,
GBGLTRUU Index,GBGLTRUU Index,2018-02-28,105.0505,,0.571412,
GBGLTRUU Index,GBGLTRUU Index,2018-03-30,106.1815,,0.63937,
GBGLTRUU Index,GBGLTRUU Index,2018-04-30,104.5199,,0.626933,
GBGLTRUU Index,GBGLTRUU Index,2018-05-31,102.6007,,0.767842,
GBGLTRUU Index,GBGLTRUU Index,2018-06-29,102.6999,,0.77504,
GBGLTRUU Index,GBGLTRUU Index,2018-07-31,102.804,,0.709655,
GBGLTRUU Index,GBGLTRUU Index,2018-08-31,102.6772,,0.746169,
GBGLTRUU Index,GBGLTRUU Index,2018-09-28,102.0245,,0.713966,
GBGLTRUU Index,GBGLTRUU Index,2018-10-31,100.1314,,0.809968,
GBGLTRUU Index,GBGLTRUU Index,2018-11-30,100.2665,,0.888811,
GBGLTRUU Index,GBGLTRUU Index,2018-12-31,101.5839,,0.930475,
GBGLTRUU Index,GBGLTRUU Index,2019-01-31,103.1921,,0.866898,
GBGLTRUU Index,GBGLTRUU Index,2019-02-28,102.8865,,0.76925,
GBGLTRUU Index,GBGLTRUU Index,2019-03-29,103.8931,,0.745125,
GBGLTRUU Index,GBGLTRUU Index,2019-04-30,103.8413,,0.683709,
GBGLTRUU Index,GBGLTRUU Index,2019-05-31,104.4025,,0.781315,
GBGLTRUU Index,GBGLTRUU Index,2019-06-28,108.1328,,0.678303,
GBGLTRUU Index,GBGLTRUU Index,2019-07-31,107.7111,,0.609345,
GBGLTRUU Index,GBGLTRUU Index,2019-08-30,109.0547,,0.667764,
GBGLTRUU Index,GBGLTRUU Index,2019-09-30,107.4417,,0.663941,
GBGLTRUU Index,GBGLTRUU Index,2019-10-31,108.5646,,0.63696,
GBGLTRUU Index,GBGLTRUU Index,2019-11-29,107.3694,,0.638215,
GBGLTRUU Index,GBGLTRUU Index,2019-12-31,108.1317,,0.596997,
GBGLTRUU Index,GBGLTRUU Index,2020-01-31,109.3607,,0.599009,
GBGLTRUU Index,GBGLTRUU Index,2020-02-28,109.52,,0.694306,
GBGLTRUU Index,GBGLTRUU Index,2020-03-31,104.4954,,1.316625,
GBGLTRUU Index,GBGLTRUU Index,2020-04-30,107.1911,,1.093017,
GBGLTRUU Index,GBGLTRUU Index,2020-05-29,108.597,,0.945499,
GBGLTRUU Index,GBGLTRUU Index,2020-06-30,110.8005,,0.837144,
GBGLTRUU Index,GBGLTRUU Index,2020-07-31,116.7233,,0.751058,
GBGLTRUU Index,GBGLTRUU Index,2020-08-31,117.2021,,0.677716,
GBGLTRUU Index,GBGLTRUU Index,2020-09-30,116.2266,,0.694973,
GBGLTRUU Index,GBGLTRUU Index,2020-10-30,116.2803,,0.699639,
GBGLTRUU Index,GBGLTRUU Index,2020-11-30,119.4485,,0.605687,
GBGLTRUU Index,GBGLTRUU Index,2020-12-31,121.9108,,0.564465,
GBGLTRUU Index,GBGLTRUU Index,2021-01-29,120.6519,,0.559258,
GBGLTRUU Index,GBGLTRUU Index,2021-02-26,118.3983,,0.53376,
GBGLTRUU Index,GBGLTRUU Index,2021-03-31,115.3113,,0.575823,
GBGLTRUU Index,GBGLTRUU Index,2021-04-30,117.1737,,0.558902,
GBGLTRUU Index,GBGLTRUU Index,2021-05-31,118.6516,,0.577492,
GBGLTRUU Index,GBGLTRUU Index,2021-06-30,116.4225,,0.570923,
GBGLTRUU Index,GBGLTRUU Index,2021-07-30,118.3327,,0.601314,
GBGLTRUU Index,GBGLTRUU Index,2021-08-31,117.3578,,0.596746,
GBGLTRUU Index,GBGLTRUU Index,2021-09-30,114.3254,,0.588822,
GBGLTRUU Index,GBGLTRUU Index,2021-10-29,113.8503,,0.640263,
GBGLTRUU Index,GBGLTRUU Index,2021-11-30,112.5066,,0.714907,
GBGLTRUU Index,GBGLTRUU Index,2021-12-31,112.3416,,0.674313,
GBGLTRUU Index,GBGLTRUU Index,2022-01-31,109.07,,0.715776,
GBGLTRUU Index,GBGLTRUU Index,2022-02-28,106.6306,,0.909763,
GBGLTRUU Index,GBGLTRUU Index,2022-03-31,103.2031,,0.873813,
GBGLTRUU Index,GBGLTRUU Index,2022-04-29,95.3462,,0.963062,
GBGLTRUU Index,GBGLTRUU Index,2022-05-31,95.0682,,1.009212,
GBGLTRUU Index,GBGLTRUU Index,2022-06-30,90.472,,1.225574,
GBGLTRUU Index,GBGLTRUU Index,2022-07-29,93.1077,,1.153078,
GBGLTRUU Index,GBGLTRUU Index,2022-08-31,87.3983,,1.185616,
GBGLTRUU Index,GBGLTRUU Index,2022-09-30,81.6638,,1.269973,
GBGLTRUU Index,GBGLTRUU Index,2022-10-31,82.0363,,1.299349,
GBGLTRUU Index,GBGLTRUU Index,2022-11-30,87.3646,,1.135613,
GBGLTRUU Index,GBGLTRUU Index,2022-12-30,86.8358,,1.088051,
GBGLTRUU Index,GBGLTRUU Index,2023-01-31,90.4706,,1.021009,
GBGLTRUU Index,GBGLTRUU Index,2023-02-28,86.8355,,0.978591,
GBGLTRUU Index,GBGLTRUU Index,2023-03-31,90.0863,,1.111457,
GBGLTRUU Index,GBGLTRUU Index,2023-04-28,91.3977,,1.092536,
GBGLTRUU Index,GBGLTRUU Index,2023-05-31,88.8946,,1.111305,
GBGLTRUU Index,GBGLTRUU Index,2023-06-30,90.3249,,1.031847,
GBGLTRUU Index,GBGLTRUU Index,2023-07-31,91.4192,,0.946094,
GBGLTRUU Index,GBGLTRUU Index,2023-08-31,90.1969,,0.984382,
GBGLTRUU Index,GBGLTRUU Index,2023-09-29,86.7658,,0.98941,
GBGLTRUU Index,GBGLTRUU Index,2023-10-31,86.4256,,1.021617,
GBGLTRUU Index,GBGLTRUU Index,2023-11-30,91.6449,,0.925056,
GBGLTRUU Index,GBGLTRUU Index,2023-12-29,96.0901,,0.883262,
GBGLTRUU Index,GBGLTRUU Index,2025-12-22,105.4516,,0.510871,
GBGLTRUU Index,GBGLTRUU Index,2025-12-23,105.8272,,0.513047,
GBGLTRUU Index,GBGLTRUU Index,2025-12-24,105.911,,0.511755,
GBGLTRUU Index,GBGLTRUU Index,2025-12-25,105.9109,,0.511785,
GBGLTRUU Index,GBGLTRUU Index,2025-12-26,105.9145,,0.510815,
GBGLTRUU Index,GBGLTRUU Index,2025-12-29,106.0503,,0.51153,
GBGLTRUU Index,GBGLTRUU Index,2025-12-30,105.8999,,0.512456,
GBGLTRUU Index,GBGLTRUU Index,2025-12-31,105.7758,,0.512061,
GBGLTRUU Index,GBGLTRUU Index,2026-01-02,105.6006,,0.51118,
GBGLTRUU Index,GBGLTRUU Index,2026-01-05,105.4956,,0.511849,
GBGLTRUU Index,GBGLTRUU Index,2026-01-06,105.5741,,0.509446,
GBGLTRUU Index,GBGLTRUU Index,2026-01-07,105.7522,,0.50876,
GBGLTRUU Index,GBGLTRUU Index,2026-01-08,105.4618,,0.503801,
GBGLTRUU Index,GBGLTRUU Index,2026-01-09,105.3587,,0.499767,
GBGLTRUU Index,GBGLTRUU Index,2026-01-12,105.8167,,0.499015,
GBGLTRUU Index,GBGLTRUU Index,2026-01-13,105.5447,,0.497671,
GBGLTRUU Index,GBGLTRUU Index,2026-01-14,105.7455,,0.49935,
GBGLTRUU Index,GBGLTRUU Index,2026-01-15,105.3717,,0.49576,
GBGLTRUU Index,GBGLTRUU Index,2026-01-16,105.1615,,0.489915,
GBGLTRUU Index,GBGLTRUU Index,2026-01-19,105.5397,,0.497147,
GBGLTRUU Index,GBGLTRUU Index,2026-01-20,105.9943,,0.501514,
GBGLTRUU Index,GBGLTRUU Index,2026-01-21,105.806,,0.49294,
GBGLTRUU Index,GBGLTRUU Index,2026-01-22,106.1224,,0.48308,
GBGLTRUU Index,GBGLTRUU Index,2026-01-23,106.3721,,0.474603,
GBGLTRUU Index,GBGLTRUU Index,2026-01-26,107.6493,,0.474265,
GBGLTRUU Index,GBGLTRUU Index,2026-01-27,108.069,,0.470038,
GBGLTRUU Index,GBGLTRUU Index,2026-01-28,108.1019,,0.468939,
GBGLTRUU Index,GBGLTRUU Index,2026-01-29,108.1096,,0.473467,
GBGLTRUU Index,GBGLTRUU Index,2026-01-30,107.8226,,0.470084,
GBGLTRUU Index,GBGLTRUU Index,2026-02-02,106.9199,,0.468942,
GBGLTRUU Index,GBGLTRUU Index,2026-02-03,107.0631,,0.463111,
GBGLTRUU Index,GBGLTRUU Index,2026-02-04,106.9976,,0.46664,
GBGLTRUU Index,GBGLTRUU Index,2026-02-05,106.9903,,0.476632,
GBGLTRUU Index,GBGLTRUU Index,2026-02-06,107.2492,,0.473214,
GBGLTRUU Index,GBGLTRUU Index,2026-02-09,108.034,,0.472409,
GBGLTRUU Index,GBGLTRUU Index,2026-02-10,108.287,,0.472699,
GBGLTRUU Index,GBGLTRUU Index,2026-02-11,107.9116,,0.472293,
GBGLTRUU Index,GBGLTRUU Index,2026-02-12,108.2732,,0.474601,
GBGLTRUU Index,GBGLTRUU Index,2026-02-13,108.1562,,0.480104,
GBGLTRUU Index,GBGLTRUU Index,2026-02-16,108.2227,,0.480491,
I36100US (corp gb index),I36100US Index,2015-08-31,99.8831,,1.482078,
I36100US (corp gb index),I36100US Index,2015-09-30,99.8514,,1.641839,
I36100US (corp gb index),I36100US Index,2015-10-30,99.714,,1.587784,
I36100US (corp gb index),I36100US Index,2015-11-30,99.5734,,1.454789,
I36100US (corp gb index),I36100US Index,2015-12-31,99.4817,,1.440711,
I36100US (corp gb index),I36100US Index,2016-01-29,101.0657,,1.571651,
I36100US (corp gb index),I36100US Index,2016-02-29,101.4492,,1.682767,
I36100US (corp gb index),I36100US Index,2016-03-31,102.4697,,1.483354,
I36100US (corp gb index),I36100US Index,2016-04-29,102.8988,,1.385563,
I36100US (corp gb index),I36100US Index,2016-05-31,103.1284,,1.227202,
I36100US (corp gb index),I36100US Index,2016-06-30,104.7345,,1.302041,
I36100US (corp gb index),I36100US Index,2016-07-29,104.8162,,1.231667,
I36100US (corp gb index),I36100US Index,2016-08-31,105.2678,,1.084701,
I36100US (corp gb index),I36100US Index,2016-09-30,105.3696,,1.102928,
I36100US (corp gb index),I36100US Index,2016-10-31,104.8475,,1.064648,
I36100US (corp gb index),I36100US Index,2016-11-30,102.2245,,1.203947,
I36100US (corp gb index),I36100US Index,2016-12-30,102.3291,,1.164344,
I36100US (corp gb index),I36100US Index,2017-01-31,102.717,,1.145632,
I36100US (corp gb index),I36100US Index,2017-02-28,103.9091,,1.135684,
I36100US (corp gb index),I36100US Index,2017-03-31,104.1287,,1.095577,
I36100US (corp gb index),I36100US Index,2017-04-28,105.0251,,1.06967,
I36100US (corp gb index),I36100US Index,2017-05-31,105.8016,,1.078824,
I36100US (corp gb index),I36100US Index,2017-06-30,105.7172,,1.024345,
I36100US (corp gb index),I36100US Index,2017-07-31,106.4316,,0.964323,
I36100US (corp gb index),I36100US Index,2017-08-31,107.3132,,0.983063,
I36100US (corp gb index),I36100US Index,2017-09-29,106.9079,,0.950575,
I36100US (corp gb index),I36100US Index,2017-10-31,107.0628,,0.910622,
I36100US (corp gb index),I36100US Index,2017-11-30,107.0605,,0.885417,
I36100US (corp gb index),I36100US Index,2017-12-29,107.2753,,0.878682,
I36100US (corp gb index),I36100US Index,2018-01-31,106.3931,,0.834746,
I36100US (corp gb index),I36100US Index,2018-02-28,105.5618,,0.89402,
I36100US (corp gb index),I36100US Index,2018-03-30,105.8052,,0.97112,
I36100US (corp gb index),I36100US Index,2018-04-30,105.2232,,0.980617,
I36100US (corp gb index),I36100US Index,2018-05-31,105.5298,,1.070191,
I36100US (corp gb index),I36100US Index,2018-06-29,105.4539,,1.127398,
I36100US (corp gb index),I36100US Index,2018-07-31,105.767,,1.038946,
I36100US (corp gb index),I36100US Index,2018-08-31,106.1882,,1.090549,
I36100US (corp gb index),I36100US Index,2018-09-28,105.7518,,1.034449,
I36100US (corp gb index),I36100US Index,2018-10-31,104.8886,,1.2329,
I36100US (corp gb index),I36100US Index,2018-11-30,104.9938,,1.409235,
I36100US (corp gb index),I36100US Index,2018-12-31,107.1245,,1.506734,
I36100US (corp gb index),I36100US Index,2019-01-31,108.7052,,1.327826,
I36100US (corp gb index),I36100US Index,2019-02-28,109.1721,,1.079875,
I36100US (corp gb index),I36100US Index,2019-03-29,111.1847,,1.060329,
I36100US (corp gb index),I36100US Index,2019-04-30,111.5528,,0.990365,
I36100US (corp gb index),I36100US Index,2019-05-31,113.2088,,1.086869,
I36100US (corp gb index),I36100US Index,2019-06-28,114.8369,,1.04172,
I36100US (corp gb index),I36100US Index,2019-07-31,115.4629,,0.869038,
I36100US (corp gb index),I36100US Index,2019-08-30,118.1978,,0.95405,
I36100US (corp gb index),I36100US Index,2019-09-30,117.5724,,0.919272,
I36100US (corp gb index),I36100US Index,2019-10-31,118.2523,,0.905419,
I36100US (corp gb index),I36100US Index,2019-11-29,118.1895,,0.869842,
I36100US (corp gb index),I36100US Index,2019-12-31,118.2226,,0.809042,
I36100US (corp gb index),I36100US Index,2020-01-31,120.7078,,0.835023,
I36100US (corp gb index),I36100US Index,2020-02-28,122.5198,,0.960013,
I36100US (corp gb index),I36100US Index,2020-03-31,117.3296,,2.269926,
I36100US (corp gb index),I36100US Index,2020-04-30,121.737,,1.721126,
I36100US (corp gb index),I36100US Index,2020-05-29,122.8781,,1.483124,
I36100US (corp gb index),I36100US Index,2020-06-30,124.864,,1.244053,
I36100US (corp gb index),I36100US Index,2020-07-31,127.6302,,1.093499,
I36100US (corp gb index),I36100US Index,2020-08-31,126.6815,,1.023646,
I36100US (corp gb index),I36100US Index,2020-09-30,126.5964,,1.080263,
I36100US (corp gb index),I36100US Index,2020-10-30,126.2205,,1.022971,
I36100US (corp gb index),I36100US Index,2020-11-30,128.1432,,0.908206,
I36100US (corp gb index),I36100US Index,2020-12-31,128.5738,,0.836901,
I36100US (corp gb index),I36100US Index,2021-01-29,127.8985,,0.794962,
I36100US (corp gb index),I36100US Index,2021-02-26,126.2456,,0.731435,
I36100US (corp gb index),I36100US Index,2021-03-31,124.2535,,0.787223,
I36100US (corp gb index),I36100US Index,2021-04-30,125.4974,,0.774036,
I36100US (corp gb index),I36100US Index,2021-05-31,126.1957,,0.712815,
I36100US (corp gb index),I36100US Index,2021-06-30,127.2483,,0.687425,
I36100US (corp gb index),I36100US Index,2021-07-30,128.7166,,0.710707,
I36100US (corp gb index),I36100US Index,2021-08-31,128.3551,,0.720961,
I36100US (corp gb index),I36100US Index,2021-09-30,127.3082,,0.7161,
I36100US (corp gb index),I36100US Index,2021-10-29,127.1284,,0.767198,
I36100US (corp gb index),I36100US Index,2021-11-30,127.077,,0.915907,
I36100US (corp gb index),I36100US Index,2021-12-31,126.7481,,0.880095,
I36100US (corp gb index),I36100US Index,2022-01-31,123.7106,,0.898847,
I36100US (corp gb index),I36100US Index,2022-02-28,121.6506,,1.069683,
I36100US (corp gb index),I36100US Index,2022-03-31,118.5801,,1.047316,
I36100US (corp gb index),I36100US Index,2022-04-29,114.1045,,1.132752,
I36100US (corp gb index),I36100US Index,2022-05-31,114.6105,,1.166522,
I36100US (corp gb index),I36100US Index,2022-06-30,112.2818,,1.353012,
I36100US (corp gb index),I36100US Index,2022-07-29,114.6934,,1.323521,
I36100US (corp gb index),I36100US Index,2022-08-31,112.2816,,1.23035,
I36100US (corp gb index),I36100US Index,2022-09-30,107.7745,,1.272738,
I36100US (corp gb index),I36100US Index,2022-10-31,106.3775,,1.435338,
I36100US (corp gb index),I36100US Index,2022-11-30,110.3711,,1.248674,
I36100US (corp gb index),I36100US Index,2022-12-30,110.3317,,1.190823,
I36100US (corp gb index),I36100US Index,2023-01-31,113.4808,,1.094438,
I36100US (corp gb index),I36100US Index,2023-02-28,111.0284,,1.083363,
I36100US (corp gb index),I36100US Index,2023-03-31,112.9856,,1.30681,
I36100US (corp gb index),I36100US Index,2023-04-28,114.0586,,1.268582,
I36100US (corp gb index),I36100US Index,2023-05-31,112.9019,,1.260161,
I36100US (corp gb index),I36100US Index,2023-06-30,112.8353,,1.146752,
I36100US (corp gb index),I36100US Index,2023-07-31,113.3601,,1.051859,
I36100US (corp gb index),I36100US Index,2023-08-31,112.8622,,1.120863,
I36100US (corp gb index),I36100US Index,2023-09-29,110.9574,,1.174256,
I36100US (corp gb index),I36100US Index,2023-10-31,109.6487,,1.248298,
I36100US (corp gb index),I36100US Index,2023-11-30,114.0618,,1.045741,
I36100US (corp gb index),I36100US Index,2023-12-29,118.0831,,0.955911,
I36100US (corp gb index),I36100US Index,2024-01-31,117.9497,,0.956313,
I36100US (corp gb index),I36100US Index,2024-02-29,116.9266,,0.895975,
I36100US (corp gb index),I36100US Index,2024-03-29,118.0381,,0.852405,
I36100US (corp gb index),I36100US Index,2024-04-30,115.9929,,0.833434,
I36100US (corp gb index),I36100US Index,2024-05-31,117.7197,,0.779971,
I36100US (corp gb index),I36100US Index,2024-06-28,118.5606,,0.872951,
I36100US (corp gb index),I36100US Index,2024-07-31,120.8032,,0.877382,
I36100US (corp gb index),I36100US Index,2024-08-30,122.5895,,0.856427,
I36100US (corp gb index),I36100US Index,2024-09-30,124.2736,,0.866499,
I36100US (corp gb index),I36100US Index,2024-10-31,122.3267,,0.807377,
I36100US (corp gb index),I36100US Index,2024-11-29,123.5336,,0.764799,
I36100US (corp gb index),I36100US Index,2024-12-31,122.0222,,0.811182,
I36100US (corp gb index),I36100US Index,2025-01-31,122.589,,0.781991,
I36100US (corp gb index),I36100US Index,2025-02-28,124.5735,,0.835218,
I36100US (corp gb index),I36100US Index,2025-03-31,124.6034,,0.894539,
I36100US (corp gb index),I36100US Index,2025-04-30,124.8396,,1.026522,
I36100US (corp gb index),I36100US Index,2025-05-30,124.946,,0.868686,
I36100US (corp gb index),I36100US Index,2025-06-30,126.8455,,0.81434,
I36100US (corp gb index),I36100US Index,2025-07-31,127.2593,,0.719121,
I36100US (corp gb index),I36100US Index,2025-08-29,128.5203,,0.775405,
I36100US (corp gb index),I36100US Index,2025-09-30,129.9128,,0.719134,
I36100US (corp gb index),I36100US Index,2025-10-31,130.5233,,0.745963,
I36100US (corp gb index),I36100US Index,2025-11-28,131.1592,,0.77905,
I36100US (corp gb index),I36100US Index,2025-12-31,131.2049,,0.763544,
I36100US (corp gb index),I36100US Index,2026-01-30,131.5332,,0.714284,
JPM 6.07 102227,ZH532179@IBVL Corp,2023-10-31,99.828,99.778,,
JPM 6.07 102227,ZH532179@IBVL Corp,2023-11-30,101.769,101.714,,
JPM 6.07 102227,ZH532179@IBVL Corp,2023-12-29,103.011,102.98,,
JPM 6.07 102227,ZH532179@IBVL Corp,2024-01-31,102.913,102.887,,
JPM 6.07 102227,ZH532179@IBVL Corp,2024-02-29,101.939,101.916,,
JPM 6.07 102227,ZH532179@IBVL Corp,2024-03-29,102.341,102.199,,
JPM 6.07 102227,ZH532179@IBVL Corp,2024-04-30,101.17,101.136,,
JPM 6.07 102227,ZH532179@IBVL Corp,2024-05-31,101.619,101.592,,
JPM 6.07 102227,ZH532179@IBVL Corp,2024-06-28,101.669,101.649,,
JPM 6.07 102227,ZH532179@IBVL Corp,2024-07-31,102.613,102.594,,
JPM 6.07 102227,ZH532179@IBVL Corp,2024-08-30,103.323,103.305,,
JPM 6.07 102227,ZH532179@IBVL Corp,2024-09-30,103.677,103.664,,
JPM 6.07 102227,ZH532179@IBVL Corp,2024-10-31,102.495,102.48,,
JPM 6.07 102227,ZH532179@IBVL Corp,2024-11-29,102.448,102.431,,
JPM 6.07 102227,ZH532179@IBVL Corp,2024-12-31,102.383,102.369,,
JPM 6.07 102227,ZH532179@IBVL Corp,2025-01-31,102.322,102.3,,
JPM 6.07 102227,ZH532179@IBVL Corp,2025-02-28,102.39,102.371,,
JPM 6.07 102227,ZH532179@IBVL Corp,2025-03-31,102.36,102.341,,
JPM 6.07 102227,ZH532179@IBVL Corp,2025-04-30,102.509,102.478,,
JPM 6.07 102227,ZH532179@IBVL Corp,2025-05-30,102.093,102.084,,
JPM 6.07 102227,ZH532179@IBVL Corp,2025-06-30,102.188,102.176,,
JPM 6.07 102227,ZH532179@IBVL Corp,2025-07-31,101.82,101.809,,
JPM 6.07 102227,ZH532179@IBVL Corp,2025-08-29,101.968,101.954,,
JPM 6.07 102227,ZH532179@IBVL Corp,2025-09-30,102.006,101.992,,
JPM 6.07 102227,ZH532179@IBVL Corp,2025-10-31,101.788,101.773,,
JPM 6.07 102227,ZH532179@IBVL Corp,2025-11-28,101.718,101.707,,
JPM 6.07 102227,ZH532179@IBVL Corp,2025-12-31,101.585,101.569,,
JPM 6.07 102227,ZH532179@IBVL Corp,2026-01-30,101.556,101.545,,
LUACOAS Index,LUACOAS Index,2015-02-27,1.23,1.23,,
LUACOAS Index,LUACOAS Index,2015-03-31,1.29,1.29,,
LUACOAS Index,LUACOAS Index,2015-04-30,1.28,1.28,,
LUACOAS Index,LUACOAS Index,2015-05-29,1.33,1.33,,
LUACOAS Index,LUACOAS Index,2015-06-30,1.45,1.45,,
LUACOAS Index,LUACOAS Index,2015-07-31,1.54,1.54,,
LUACOAS Index,LUACOAS Index,2015-08-31,1.63,1.63,,
LUACOAS Index,LUACOAS Index,2015-09-30,1.69,1.69,,
LUACOAS Index,LUACOAS Index,2015-10-30,1.59,1.59,,
LUACOAS Index,LUACOAS Index,2015-11-30,1.55,1.55,,
LUACOAS Index,LUACOAS Index,2015-12-31,1.65,1.65,,
LUACOAS Index,LUACOAS Index,2016-01-29,1.93,1.93,,
LUACOAS Index,LUACOAS Index,2016-02-29,1.97,1.97,,
LUACOAS Index,LUACOAS Index,2016-03-31,1.63,1.63,,
LUACOAS Index,LUACOAS Index,2016-04-29,1.46,1.46,,
LUACOAS Index,LUACOAS Index,2016-05-31,1.49,1.49,,
LUACOAS Index,LUACOAS Index,2016-06-30,1.56,1.56,,
LUACOAS Index,LUACOAS Index,2016-07-29,1.45,1.45,,
LUACOAS Index,LUACOAS Index,2016-08-31,1.35,1.35,,
LUACOAS Index,LUACOAS Index,2016-09-30,1.38,1.38,,
LUACOAS Index,LUACOAS Index,2016-10-31,1.32,1.32,,
LUACOAS Index,LUACOAS Index,2016-11-30,1.29,1.29,,
LUACOAS Index,LUACOAS Index,2016-12-30,1.23,1.23,,
LUACOAS Index,LUACOAS Index,2017-01-31,1.21,1.21,,
LUACOAS Index,LUACOAS Index,2017-02-28,1.15,1.15,,
LUACOAS Index,LUACOAS Index,2017-03-31,1.18,1.18,,
LUACOAS Index,LUACOAS Index,2017-04-28,1.16,1.16,,
LUACOAS Index,LUACOAS Index,2017-05-31,1.13,1.13,,
LUACOAS Index,LUACOAS Index,2017-06-30,1.09,1.09,,
LUACOAS Index,LUACOAS Index,2017-07-31,1.02,1.02,,
LUACOAS Index,LUACOAS Index,2017-08-31,1.1,1.1,,
LUACOAS Index,LUACOAS Index,2017-09-29,1.01,1.01,,
LUACOAS Index,LUACOAS Index,2017-10-31,0.95,0.95,,
LUACOAS Index,LUACOAS Index,2017-11-30,0.97,0.97,,
LUACOAS Index,LUACOAS Index,2017-12-29,0.93,0.93,,
LUACOAS Index,LUACOAS Index,2018-01-31,0.86,0.86,,
LUACOAS Index,LUACOAS Index,2018-02-28,0.96,0.96,,
LUACOAS Index,LUACOAS Index,2018-03-30,1.09,1.09,,
LUACOAS Index,LUACOAS Index,2018-04-30,1.08,1.08,,
LUACOAS Index,LUACOAS Index,2018-05-31,1.15,1.15,,
LUACOAS Index,LUACOAS Index,2018-06-29,1.23,1.23,,
LUACOAS Index,LUACOAS Index,2018-07-31,1.09,1.09,,
LUACOAS Index,LUACOAS Index,2018-08-31,1.14,1.14,,
LUACOAS Index,LUACOAS Index,2018-09-28,1.06,1.06,,
LUACOAS Index,LUACOAS Index,2018-10-31,1.18,1.18,,
LUACOAS Index,LUACOAS Index,2018-11-30,1.37,1.37,,
LUACOAS Index,LUACOAS Index,2018-12-31,1.53,1.53,,
LUACOAS Index,LUACOAS Index,2019-01-31,1.28,1.28,,
LUACOAS Index,LUACOAS Index,2019-02-28,1.21,1.21,,
LUACOAS Index,LUACOAS Index,2019-03-29,1.19,1.19,,
LUACOAS Index,LUACOAS Index,2019-04-30,1.11,1.11,,
LUACOAS Index,LUACOAS Index,2019-05-31,1.28,1.28,,
LUACOAS Index,LUACOAS Index,2019-06-28,1.15,1.15,,
LUACOAS Index,LUACOAS Index,2019-07-31,1.08,1.08,,
LUACOAS Index,LUACOAS Index,2019-08-30,1.2,1.2,,
LUACOAS Index,LUACOAS Index,2019-09-30,1.15,1.15,,
LUACOAS Index,LUACOAS Index,2019-10-31,1.1,1.1,,
LUACOAS Index,LUACOAS Index,2019-11-29,1.05,1.05,,
LUACOAS Index,LUACOAS Index,2019-12-31,0.93,0.93,,
LUACOAS Index,LUACOAS Index,2020-01-31,1.02,1.02,,
LUACOAS Index,LUACOAS Index,2020-02-28,1.22,1.22,,
LUACOAS Index,LUACOAS Index,2020-03-31,2.72,2.72,,
LUACOAS Index,LUACOAS Index,2020-04-30,2.02,2.02,,
LUACOAS Index,LUACOAS Index,2020-05-29,1.74,1.74,,
LUACOAS Index,LUACOAS Index,2020-06-30,1.5,1.5,,
LUACOAS Index,LUACOAS Index,2020-07-31,1.33,1.33,,
LUACOAS Index,LUACOAS Index,2020-08-31,1.29,1.29,,
LUACOAS Index,LUACOAS Index,2020-09-30,1.36,1.36,,
LUACOAS Index,LUACOAS Index,2020-10-30,1.25,1.25,,
LUACOAS Index,LUACOAS Index,2020-11-30,1.04,1.04,,
LUACOAS Index,LUACOAS Index,2020-12-31,0.96,0.96,,
LUACOAS Index,LUACOAS Index,2021-01-29,0.97,0.97,,
LUACOAS Index,LUACOAS Index,2021-02-26,0.9,0.9,,
LUACOAS Index,LUACOAS Index,2021-03-31,0.91,0.91,,
LUACOAS Index,LUACOAS Index,2021-04-30,0.88,0.88,,
LUACOAS Index,LUACOAS Index,2021-05-31,0.84,0.84,,
LUACOAS Index,LUACOAS Index,2021-06-30,0.8,0.8,,
LUACOAS Index,LUACOAS Index,2021-07-30,0.86,0.86,,
LUACOAS Index,LUACOAS Index,2021-08-31,0.87,0.87,,
LUACOAS Index,LUACOAS Index,2021-09-30,0.84,0.84,,
LUACOAS Index,LUACOAS Index,2021-10-29,0.87,0.87,,
LUACOAS Index,LUACOAS Index,2021-11-30,0.99,0.99,,
LUACOAS Index,LUACOAS Index,2021-12-31,0.92,0.92,,
LUACOAS Index,LUACOAS Index,2022-01-31,1.06,1.06,,
LUACOAS Index,LUACOAS Index,2022-02-28,1.22,1.22,,
LUACOAS Index,LUACOAS Index,2022-03-31,1.16,1.16,,
LUACOAS Index,LUACOAS Index,2022-04-29,1.35,1.35,,
LUACOAS Index,LUACOAS Index,2022-05-31,1.3,1.3,,
LUACOAS Index,LUACOAS Index,2022-06-30,1.55,1.55,,
LUACOAS Index,LUACOAS Index,2022-07-29,1.44,1.44,,
LUACOAS Index,LUACOAS Index,2022-08-31,1.4,1.4,,
LUACOAS Index,LUACOAS Index,2022-09-30,1.59,1.59,,
LUACOAS Index,LUACOAS Index,2022-10-31,1.58,1.58,,
LUACOAS Index,LUACOAS Index,2022-11-30,1.33,1.33,,
LUACOAS Index,LUACOAS Index,2022-12-30,1.3,1.3,,
LUACOAS Index,LUACOAS Index,2023-01-31,1.17,1.17,,
LUACOAS Index,LUACOAS Index,2023-02-28,1.24,1.24,,
LUACOAS Index,LUACOAS Index,2023-03-31,1.38,1.38,,
LUACOAS Index,LUACOAS Index,2023-04-28,1.36,1.36,,
LUACOAS Index,LUACOAS Index,2023-05-31,1.38,1.38,,
LUACOAS Index,LUACOAS Index,2023-06-30,1.23,1.23,,
LUACOAS Index,LUACOAS Index,2023-07-31,1.12,1.12,,
LUACOAS Index,LUACOAS Index,2023-08-31,1.18,1.18,,
LUACOAS Index,LUACOAS Index,2023-09-29,1.21,1.21,,
LUACOAS Index,LUACOAS Index,2023-10-31,1.29,1.29,,
LUACOAS Index,LUACOAS Index,2023-11-30,1.04,1.04,,
LUACOAS Index,LUACOAS Index,2023-12-29,0.99,0.99,,
LUACOAS Index,LUACOAS Index,2024-01-31,0.96,0.96,,
LUACOAS Index,LUACOAS Index,2024-02-29,0.96,0.96,,
LUACOAS Index,LUACOAS Index,2024-03-29,0.9,0.9,,
LUACOAS Index,LUACOAS Index,2024-04-30,0.87,0.87,,
LUACOAS Index,LUACOAS Index,2024-05-31,0.85,0.85,,
LUACOAS Index,LUACOAS Index,2024-06-28,0.94,0.94,,
LUACOAS Index,LUACOAS Index,2024-07-31,0.93,0.93,,
LUACOAS Index,LUACOAS Index,2024-08-30,0.93,0.93,,
LUACOAS Index,LUACOAS Index,2024-09-30,0.89,0.89,,
LUACOAS Index,LUACOAS Index,2024-10-31,0.84,0.84,,
LUACOAS Index,LUACOAS Index,2024-11-29,0.78,0.78,,
LUACOAS Index,LUACOAS Index,2024-12-31,0.8,0.8,,
LUACOAS Index,LUACOAS Index,2025-01-31,0.79,0.79,,
LUACOAS Index,LUACOAS Index,2025-02-28,0.87,0.87,,
LUACOAS Index,LUACOAS Index,2025-03-31,0.94,0.94,,
LUACOAS Index,LUACOAS Index,2025-04-30,1.06,1.06,,
LUACOAS Index,LUACOAS Index,2025-05-30,0.88,0.88,,
LUACOAS Index,LUACOAS Index,2025-06-30,0.83,0.83,,
LUACOAS Index,LUACOAS Index,2025-07-31,0.76,0.76,,
LUACOAS Index,LUACOAS Index,2025-08-29,0.79,0.79,,
LUACOAS Index,LUACOAS Index,2025-09-30,0.74,0.74,,
LUACOAS Index,LUACOAS Index,2025-10-31,0.78,0.78,,
LUACOAS Index,LUACOAS Index,2025-11-28,0.8,0.8,,
LUACOAS Index,LUACOAS Index,2025-12-31,0.78,0.78,,
LUACOAS Index,LUACOAS Index,2026-01-30,0.73,0.73,,
NY electric and gas,BU751737@IBVL Corp,2024-01-31,86.928,86.643,,
NY electric and gas,BU751737@IBVL Corp,2024-02-29,84.842,84.508,,
NY electric and gas,BU751737@IBVL Corp,2024-03-29,85.356,84.793,,
NY electric and gas,BU751737@IBVL Corp,2024-04-30,79.262,78.73,,
NY electric and gas,BU751737@IBVL Corp,2024-05-31,80.863,80.646,,
NY electric and gas,BU751737@IBVL Corp,2024-06-28,81.711,81.526,,
NY electric and gas,BU751737@IBVL Corp,2024-07-31,84.961,84.49,,
NY electric and gas,BU751737@IBVL Corp,2024-08-30,86.649,86.224,,
NY electric and gas,BU751737@IBVL Corp,2024-09-30,87.361,87.041,,
NY electric and gas,BU751737@IBVL Corp,2024-10-31,82.762,82.649,,
NY electric and gas,BU751737@IBVL Corp,2024-11-29,84.395,84.23,,
NY electric and gas,BU751737@IBVL Corp,2024-12-31,80.327,80.112,,
NY electric and gas,BU751737@IBVL Corp,2025-01-31,80.004,79.912,,
NY electric and gas,BU751737@IBVL Corp,2025-02-28,82.978,82.836,,
NY electric and gas,BU751737@IBVL Corp,2025-03-31,81.661,81.486,,
NY electric and gas,BU751737@IBVL Corp,2025-04-30,78.536,78.119,,
NY electric and gas,BU751737@IBVL Corp,2025-05-30,76.263,75.977,,
NY electric and gas,BU751737@IBVL Corp,2025-06-30,78.041,77.899,,
NY electric and gas,BU751737@IBVL Corp,2025-07-31,76.464,75.947,,
NY electric and gas,BU751737@IBVL Corp,2025-08-29,75.545,74.562,,
NY electric and gas,BU751737@IBVL Corp,2025-09-30,80.104,79.742,,
NY electric and gas,BU751737@IBVL Corp,2025-10-31,80.696,80.211,,
NY electric and gas,BU751737@IBVL Corp,2025-11-28,80.659,80.538,,
NY electric and gas,BU751737@IBVL Corp,2025-12-31,78.117,77.789,,
NY electric and gas,BU751737@IBVL Corp,2026-01-30,78.906,78.526,,
Nature Conservancy,BU751737@IBVL Corp,2023-10-06,73.667,73.466,,
Nature Conservancy,BU751737@IBVL Corp,2023-10-13,77.132,76.51,,
Nature Conservancy,BU751737@IBVL Corp,2023-10-20,73.234,72.515,,
Nature Conservancy,BU751737@IBVL Corp,2023-10-27,74.411,74.386,,
Nature Conservancy,BU751737@IBVL Corp,2023-11-03,77.357,77.301,,
Nature Conservancy,BU751737@IBVL Corp,2023-11-10,76.978,76.807,,
Nature Conservancy,BU751737@IBVL Corp,2023-11-17,80.225,80.198,,
Nature Conservancy,BU751737@IBVL Corp,2023-11-24,80.063,79.537,,
Nature Conservancy,BU751737@IBVL Corp,2025-06-06,75.975,75.79,,
Nature Conservancy,BU751737@IBVL Corp,2025-06-13,76.708,76.407,,
Nature Conservancy,BU751737@IBVL Corp,2025-06-20,76.957,76.773,,
Nature Conservancy,BU751737@IBVL Corp,2025-06-27,77.282,77.031,,
Nature Conservancy,BU751737@IBVL Corp,2025-07-04,77.816,77.416,,
Nature Conservancy,BU751737@IBVL Corp,2025-07-11,77.054,76.431,,
Nature Conservancy,BU751737@IBVL Corp,2025-07-18,75.838,75.518,,
Nature Conservancy,BU751737@IBVL Corp,2025-07-25,76.767,76.32,,
Nature Conservancy,BU751737@IBVL Corp,2025-08-01,77.24,76.727,,
Nature Conservancy,BU751737@IBVL Corp,2025-08-08,77.376,77.031,,
Nature Conservancy,BU751737@IBVL Corp,2025-08-15,77.632,77.165,,
Nature Conservancy,BU751737@IBVL Corp,2025-08-22,77.421,76.826,,
Nature Conservancy,BU751737@IBVL Corp,2025-08-29,75.545,74.562,,
Nature Conservancy,BU751737@IBVL Corp,2025-09-05,78.435,78.088,,
Nature Conservancy,BU751737@IBVL Corp,2025-09-12,80.059,79.738,,
Nature Conservancy,BU751737@IBVL Corp,2025-09-19,79.434,79.146,,
Nature Conservancy,BU751737@IBVL Corp,2025-09-26,79.366,79.02,,
Nature Conservancy,BU751737@IBVL Corp,2025-10-03,80.637,80.311,,
Nature Conservancy,BU751737@IBVL Corp,2025-10-10,80.991,80.792,,
Nature Conservancy,BU751737@IBVL Corp,2025-10-17,81.478,81.013,,
Nature Conservancy,BU751737@IBVL Corp,2025-10-24,82.225,81.864,,
Nature Conservancy,BU751737@IBVL Corp,2025-10-31,80.696,80.211,,
Nature Conservancy,BU751737@IBVL Corp,2025-11-07,80.395,79.702,,
Nature Conservancy,BU751737@IBVL Corp,2025-11-14,79.884,79.341,,
Nature Conservancy,BU751737@IBVL Corp,2025-11-21,79.769,79.542,,
Nature Conservancy,BU751737@IBVL Corp,2025-11-28,80.659,80.538,,
Nature Conservancy,BU751737@IBVL Corp,2025-12-05,79.461,79.233,,
Nature Conservancy,BU751737@IBVL Corp,2025-12-12,78.468,78.273,,
Nature Conservancy,BU751737@IBVL Corp,2025-12-19,78.522,78.265,,
Nature Conservancy,BU751737@IBVL Corp,2025-12-26,78.627,78.347,,
Nature Conservancy,BU751737@IBVL Corp,2026-01-02,78.204,77.982,,
Nature Conservancy,BU751737@IBVL Corp,2026-01-09,78.755,78.517,,
Nature Conservancy,BU751737@IBVL Corp,2026-01-16,79.561,79.323,,
Nature Conservancy,BU751737@IBVL Corp,2026-01-23,79.233,78.904,,
Nature Conservancy,BU751737@IBVL Corp,2026-01-30,78.906,78.526,,
Nature Conservancy,BU751737@IBVL Corp,2026-02-06,79.66,79.291,,
Nature Conservancy,BU751737@IBVL Corp,2026-02-13,81.346,81.164,,
USGG10YR Index,USGG10YR Index,2015-02-27,1.993,1.9947,,
USGG10YR Index,USGG10YR Index,2015-03-31,1.9231,1.9249,,
USGG10YR Index,USGG10YR Index,2015-04-30,2.0317,2.0334,,
USGG10YR Index,USGG10YR Index,2015-05-29,2.1214,2.1232,,
USGG10YR Index,USGG10YR Index,2015-06-30,2.3531,2.3549,,
USGG10YR Index,USGG10YR Index,2015-07-31,2.1801,2.1819,,
USGG10YR Index,USGG10YR Index,2015-08-31,2.2179,2.2197,,
USGG10YR Index,USGG10YR Index,2015-09-30,2.0368,2.0385,,
USGG10YR Index,USGG10YR Index,2015-10-30,2.1421,2.1439,,
USGG10YR Index,USGG10YR Index,2015-11-30,2.206,2.2078,,
USGG10YR Index,USGG10YR Index,2015-12-31,2.2694,2.2712,,
USGG10YR Index,USGG10YR Index,2016-01-29,1.9209,1.9226,,
USGG10YR Index,USGG10YR Index,2016-02-29,1.7347,1.7365,,
USGG10YR Index,USGG10YR Index,2016-03-31,1.7687,1.7704,,
USGG10YR Index,USGG10YR Index,2016-04-29,1.8333,1.835,,
USGG10YR Index,USGG10YR Index,2016-05-31,1.8458,1.8476,,
USGG10YR Index,USGG10YR Index,2016-06-30,1.4697,1.4714,,
USGG10YR Index,USGG10YR Index,2016-07-29,1.4531,1.4548,,
USGG10YR Index,USGG10YR Index,2016-08-31,1.58,1.5817,,
USGG10YR Index,USGG10YR Index,2016-09-30,1.5944,1.5961,,
USGG10YR Index,USGG10YR Index,2016-10-31,1.8255,1.8273,,
USGG10YR Index,USGG10YR Index,2016-11-30,2.3809,2.3827,,
USGG10YR Index,USGG10YR Index,2016-12-30,2.4443,2.4462,,
USGG10YR Index,USGG10YR Index,2017-01-31,2.4531,2.455,,
USGG10YR Index,USGG10YR Index,2017-02-28,2.3899,2.3917,,
USGG10YR Index,USGG10YR Index,2017-03-31,2.3874,2.3892,,
USGG10YR Index,USGG10YR Index,2017-04-28,2.2802,2.282,,
USGG10YR Index,USGG10YR Index,2017-05-31,2.2028,2.2045,,
USGG10YR Index,USGG10YR Index,2017-06-30,2.3037,2.3054,,
USGG10YR Index,USGG10YR Index,2017-07-31,2.2942,2.296,,
USGG10YR Index,USGG10YR Index,2017-08-31,2.117,2.1187,,
USGG10YR Index,USGG10YR Index,2017-09-29,2.3336,2.3354,,
USGG10YR Index,USGG10YR Index,2017-10-31,2.3793,2.3811,,
USGG10YR Index,USGG10YR Index,2017-11-30,2.4097,2.4114,,
USGG10YR Index,USGG10YR Index,2017-12-29,2.4054,2.4072,,
USGG10YR Index,USGG10YR Index,2018-01-31,2.705,2.7069,,
USGG10YR Index,USGG10YR Index,2018-02-28,2.8606,2.8642,,
USGG10YR Index,USGG10YR Index,2018-03-30,2.7389,2.7407,,
USGG10YR Index,USGG10YR Index,2018-04-30,2.9531,2.955,,
USGG10YR Index,USGG10YR Index,2018-05-31,2.8586,2.8604,,
USGG10YR Index,USGG10YR Index,2018-06-29,2.8601,2.862,,
USGG10YR Index,USGG10YR Index,2018-07-31,2.9598,2.9617,,
USGG10YR Index,USGG10YR Index,2018-08-31,2.8604,2.8622,,
USGG10YR Index,USGG10YR Index,2018-09-28,3.0612,3.0631,,
USGG10YR Index,USGG10YR Index,2018-10-31,3.1435,3.1454,,
USGG10YR Index,USGG10YR Index,2018-11-30,2.9879,2.9897,,
USGG10YR Index,USGG10YR Index,2018-12-31,2.6842,2.686,,
USGG10YR Index,USGG10YR Index,2019-01-31,2.6293,2.631,,
USGG10YR Index,USGG10YR Index,2019-02-28,2.715,2.7168,,
USGG10YR Index,USGG10YR Index,2019-03-29,2.405,2.4068,,
USGG10YR Index,USGG10YR Index,2019-04-30,2.5018,2.5036,,
USGG10YR Index,USGG10YR Index,2019-05-31,2.1246,2.1263,,
USGG10YR Index,USGG10YR Index,2019-06-28,2.0051,2.0068,,
USGG10YR Index,USGG10YR Index,2019-07-31,2.0144,2.0161,,
USGG10YR Index,USGG10YR Index,2019-08-30,1.4961,1.4994,,
USGG10YR Index,USGG10YR Index,2019-09-30,1.6646,1.668,,
USGG10YR Index,USGG10YR Index,2019-10-31,1.691,1.6927,,
USGG10YR Index,USGG10YR Index,2019-11-29,1.7758,1.7775,,
USGG10YR Index,USGG10YR Index,2019-12-31,1.9175,1.921,,
USGG10YR Index,USGG10YR Index,2020-01-31,1.5068,1.5085,,
USGG10YR Index,USGG10YR Index,2020-02-28,1.1486,1.1519,,
USGG10YR Index,USGG10YR Index,2020-03-31,0.6695,0.6711,,
USGG10YR Index,USGG10YR Index,2020-04-30,0.6393,0.6409,,
USGG10YR Index,USGG10YR Index,2020-05-29,0.6526,0.6542,,
USGG10YR Index,USGG10YR Index,2020-06-30,0.6561,0.6577,,
USGG10YR Index,USGG10YR Index,2020-07-31,0.5282,0.5298,,
USGG10YR Index,USGG10YR Index,2020-08-31,0.7048,0.7064,,
USGG10YR Index,USGG10YR Index,2020-09-30,0.684,0.6857,,
USGG10YR Index,USGG10YR Index,2020-10-30,0.8737,0.8754,,
USGG10YR Index,USGG10YR Index,2020-11-30,0.8389,0.8422,,
USGG10YR Index,USGG10YR Index,2020-12-31,0.9132,0.9182,,
USGG10YR Index,USGG10YR Index,2021-01-29,1.0655,1.0689,,
USGG10YR Index,USGG10YR Index,2021-02-26,1.4049,1.4101,,
USGG10YR Index,USGG10YR Index,2021-03-31,1.7404,1.744,,
USGG10YR Index,USGG10YR Index,2021-04-30,1.6259,1.6294,,
USGG10YR Index,USGG10YR Index,2021-05-31,1.5943,1.5977,,
USGG10YR Index,USGG10YR Index,2021-06-30,1.468,1.4697,,
USGG10YR Index,USGG10YR Index,2021-07-30,1.2223,1.2256,,
USGG10YR Index,USGG10YR Index,2021-08-31,1.3088,1.3121,,
USGG10YR Index,USGG10YR Index,2021-09-30,1.4873,1.489,,
USGG10YR Index,USGG10YR Index,2021-10-29,1.5521,1.5574,,
USGG10YR Index,USGG10YR Index,2021-11-30,1.4443,1.4494,,
USGG10YR Index,USGG10YR Index,2021-12-31,1.5101,1.5135,,
USGG10YR Index,USGG10YR Index,2022-01-31,1.7767,1.7802,,
USGG10YR Index,USGG10YR Index,2022-02-28,1.825,1.8284,,
USGG10YR Index,USGG10YR Index,2022-03-31,2.338,2.3434,,
USGG10YR Index,USGG10YR Index,2022-04-29,2.9336,2.9414,,
USGG10YR Index,USGG10YR Index,2022-05-31,2.8441,2.8495,,
USGG10YR Index,USGG10YR Index,2022-06-30,3.0129,3.0184,,
USGG10YR Index,USGG10YR Index,2022-07-29,2.6487,2.6541,,
USGG10YR Index,USGG10YR Index,2022-08-31,3.1926,3.1964,,
USGG10YR Index,USGG10YR Index,2022-09-30,3.8286,3.8347,,
USGG10YR Index,USGG10YR Index,2022-10-31,4.0478,4.052,,
USGG10YR Index,USGG10YR Index,2022-11-30,3.6054,3.6091,,
USGG10YR Index,USGG10YR Index,2022-12-30,3.8748,3.8786,,
USGG10YR Index,USGG10YR Index,2023-01-31,3.5069,3.5142,,
USGG10YR Index,USGG10YR Index,2023-02-28,3.92,3.9259,,
USGG10YR Index,USGG10YR Index,2023-03-31,3.4676,3.4714,,
USGG10YR Index,USGG10YR Index,2023-04-28,3.422,3.4277,,
USGG10YR Index,USGG10YR Index,2023-05-31,3.6426,3.6502,,
USGG10YR Index,USGG10YR Index,2023-06-30,3.8367,3.8425,,
USGG10YR Index,USGG10YR Index,2023-07-31,3.9588,3.9648,,
USGG10YR Index,USGG10YR Index,2023-08-31,4.1081,4.1101,,
USGG10YR Index,USGG10YR Index,2023-09-29,4.5711,4.5732,,
USGG10YR Index,USGG10YR Index,2023-10-31,4.9307,4.9328,,
USGG10YR Index,USGG10YR Index,2023-11-30,4.3264,4.3283,,
USGG10YR Index,USGG10YR Index,2023-12-29,3.8791,3.8809,,
USGG10YR Index,USGG10YR Index,2024-01-31,3.9124,3.9143,,
USGG10YR Index,USGG10YR Index,2024-02-29,4.2502,4.2521,,
USGG10YR Index,USGG10YR Index,2024-03-29,4.2003,4.2023,,
USGG10YR Index,USGG10YR Index,2024-04-30,4.6798,4.6819,,
USGG10YR Index,USGG10YR Index,2024-05-31,4.4985,4.5005,,
USGG10YR Index,USGG10YR Index,2024-06-28,4.3961,4.398,,
USGG10YR Index,USGG10YR Index,2024-07-31,4.0296,4.0334,,
USGG10YR Index,USGG10YR Index,2024-08-30,3.9034,3.9054,,
USGG10YR Index,USGG10YR Index,2024-09-30,3.7809,3.7828,,
USGG10YR Index,USGG10YR Index,2024-10-31,4.2844,4.2864,,
USGG10YR Index,USGG10YR Index,2024-11-29,4.1685,4.1724,,
USGG10YR Index,USGG10YR Index,2024-12-31,4.569,4.575,,
USGG10YR Index,USGG10YR Index,2025-01-31,4.5387,4.5428,,
USGG10YR Index,USGG10YR Index,2025-02-28,4.2082,4.2101,,
USGG10YR Index,USGG10YR Index,2025-03-31,4.2053,4.2091,,
USGG10YR Index,USGG10YR Index,2025-04-30,4.1619,4.1639,,
USGG10YR Index,USGG10YR Index,2025-05-30,4.4004,4.4063,,
USGG10YR Index,USGG10YR Index,2025-06-30,4.228,4.2319,,
USGG10YR Index,USGG10YR Index,2025-07-31,4.374,4.378,,
USGG10YR Index,USGG10YR Index,2025-08-29,4.2284,4.2323,,
USGG10YR Index,USGG10YR Index,2025-09-30,4.1503,4.1522,,
USGG10YR Index,USGG10YR Index,2025-10-31,4.0775,4.0794,,
USGG10YR Index,USGG10YR Index,2025-11-28,4.0132,4.0171,,
USGG10YR Index,USGG10YR Index,2025-12-31,4.167,4.1709,,
USGG10YR Index,USGG10YR Index,2026-01-30,4.2355,4.2394,,
duke energy gb,AV504231@IBVL Corp,2023-10-06,93.107,92.996,,
duke energy gb,AV504231@IBVL Corp,2023-10-13,93.682,93.644,,
duke energy gb,AV504231@IBVL Corp,2023-10-20,92.454,92.369,,
duke energy gb,AV504231@IBVL Corp,2023-10-27,92.623,92.514,,
duke energy gb,AV504231@IBVL Corp,2023-11-03,94.096,93.986,,
duke energy gb,AV504231@IBVL Corp,2023-11-10,93.164,93.086,,
duke energy gb,AV504231@IBVL Corp,2023-11-17,94.265,94.159,,
duke energy gb,AV504231@IBVL Corp,2023-11-24,94.423,94.268,,
duke energy gb,AV504231@IBVL Corp,2023-12-01,96.171,96.042,,
duke energy gb,AV504231@IBVL Corp,2023-12-08,95.894,95.82,,
duke energy gb,AV504231@IBVL Corp,2023-12-15,97.703,97.638,,
duke energy gb,AV504231@IBVL Corp,2023-12-22,97.807,97.563,,
duke energy gb,AV504231@IBVL Corp,2023-12-29,98.431,98.197,,
duke energy gb,AV504231@IBVL Corp,2024-01-05,97.351,97.24,,
duke energy gb,AV504231@IBVL Corp,2024-01-12,98.085,97.911,,
duke energy gb,AV504231@IBVL Corp,2024-01-19,97.331,97.197,,
duke energy gb,AV504231@IBVL Corp,2024-01-26,97.575,97.479,,
duke energy gb,AV504231@IBVL Corp,2024-02-02,97.73,97.672,,
duke energy gb,AV504231@IBVL Corp,2024-02-09,97.03,96.963,,
duke energy gb,AV504231@IBVL Corp,2024-02-16,96.619,96.526,,
duke energy gb,AV504231@IBVL Corp,2024-02-23,96.446,96.341,,
duke energy gb,AV504231@IBVL Corp,2024-03-01,96.821,96.735,,
duke energy gb,AV504231@IBVL Corp,2024-03-08,97.265,97.192,,
duke energy gb,AV504231@IBVL Corp,2024-03-15,96.187,96.057,,
duke energy gb,AV504231@IBVL Corp,2024-03-22,96.899,96.759,,
duke energy gb,AV504231@IBVL Corp,2024-03-29,96.893,96.676,,
duke energy gb,AV504231@IBVL Corp,2024-04-05,96.111,96.007,,
duke energy gb,AV504231@IBVL Corp,2024-04-12,95.198,95.121,,
duke energy gb,AV504231@IBVL Corp,2024-04-19,94.772,94.692,,
duke energy gb,AV504231@IBVL Corp,2024-04-26,94.802,94.745,,
duke energy gb,AV504231@IBVL Corp,2024-05-03,95.707,95.631,,
duke energy gb,AV504231@IBVL Corp,2024-05-10,95.5,95.472,,
duke energy gb,AV504231@IBVL Corp,2024-05-17,95.737,95.66,,
duke energy gb,AV504231@IBVL Corp,2024-05-24,95.644,95.514,,
duke energy gb,AV504231@IBVL Corp,2024-05-31,95.507,95.429,,
duke energy gb,AV504231@IBVL Corp,2024-06-07,95.837,95.803,,
duke energy gb,AV504231@IBVL Corp,2024-06-14,96.713,96.652,,
duke energy gb,AV504231@IBVL Corp,2024-06-21,96.5,96.452,,
duke energy gb,AV504231@IBVL Corp,2024-06-28,96.092,96.036,,
duke energy gb,AV504231@IBVL Corp,2024-07-05,96.85,96.799,,
duke energy gb,AV504231@IBVL Corp,2024-07-12,97.393,97.351,,
duke energy gb,AV504231@IBVL Corp,2024-07-19,97.079,97.035,,
duke energy gb,AV504231@IBVL Corp,2024-07-26,97.456,97.417,,
duke energy gb,AV504231@IBVL Corp,2024-08-02,99.039,98.987,,
duke energy gb,AV504231@IBVL Corp,2024-08-09,98.267,98.216,,
duke energy gb,AV504231@IBVL Corp,2024-08-16,98.807,98.762,,
duke energy gb,AV504231@IBVL Corp,2024-08-23,99.22,99.169,,
duke energy gb,AV504231@IBVL Corp,2024-08-30,98.978,98.938,,
duke energy gb,AV504231@IBVL Corp,2025-06-06,98.472,98.42,,
duke energy gb,AV504231@IBVL Corp,2025-06-13,98.923,98.892,,
duke energy gb,AV504231@IBVL Corp,2025-06-20,99.03,98.981,,
duke energy gb,AV504231@IBVL Corp,2025-06-27,99.707,99.656,,
duke energy gb,AV504231@IBVL Corp,2025-07-04,99.375,99.342,,
duke energy gb,AV504231@IBVL Corp,2025-07-11,99.213,99.162,,
duke energy gb,AV504231@IBVL Corp,2025-07-18,99.422,99.397,,
duke energy gb,AV504231@IBVL Corp,2025-07-25,99.318,99.289,,
duke energy gb,AV504231@IBVL Corp,2025-08-01,99.813,99.769,,
duke energy gb,AV504231@IBVL Corp,2025-08-08,99.556,99.519,,
duke energy gb,AV504231@IBVL Corp,2025-08-15,99.695,99.655,,
duke energy gb,AV504231@IBVL Corp,2025-08-22,99.882,99.844,,
duke energy gb,AV504231@IBVL Corp,2025-08-29,100.02,99.993,,
duke energy gb,AV504231@IBVL Corp,2025-09-05,100.385,100.349,,
duke energy gb,AV504231@IBVL Corp,2025-09-12,100.243,100.208,,
duke energy gb,AV504231@IBVL Corp,2025-09-19,100.233,100.202,,
duke energy gb,AV504231@IBVL Corp,2025-09-26,99.913,99.868,,
duke energy gb,AV504231@IBVL Corp,2025-10-03,100.143,100.116,,
duke energy gb,AV504231@IBVL Corp,2025-10-10,100.221,100.19,,
duke energy gb,AV504231@IBVL Corp,2025-10-17,100.516,100.459,,
duke energy gb,AV504231@IBVL Corp,2025-10-24,100.484,100.457,,
duke energy gb,AV504231@IBVL Corp,2025-10-31,100.169,100.143,,
duke energy gb,AV504231@IBVL Corp,2025-11-07,100.158,100.121,,
duke energy gb,AV504231@IBVL Corp,2025-11-14,100.052,100.013,,
duke energy gb,AV504231@IBVL Corp,2025-11-21,100.243,100.211,,
duke energy gb,AV504231@IBVL Corp,2025-11-28,100.346,100.32,,
duke energy gb,AV504231@IBVL Corp,2025-12-05,100.061,100.035,,
duke energy gb,AV504231@IBVL Corp,2025-12-12,100.095,100.043,,
duke energy gb,AV504231@IBVL Corp,2025-12-19,100.217,100.188,,
duke energy gb,AV504231@IBVL Corp,2025-12-26,100.248,100.207,,
duke energy gb,AV504231@IBVL Corp,2026-01-02,100.25,100.201,,
duke energy gb,AV504231@IBVL Corp,2026-01-09,100.106,100.075,,
duke energy gb,AV504231@IBVL Corp,2026-01-16,99.999,99.961,,
duke energy gb,AV504231@IBVL Corp,2026-01-23,100.04,100.009,,
duke energy gb,AV504231@IBVL Corp,2026-01-30,100.186,100.159,,
duke energy gb,AV504231@IBVL Corp,2026-02-06,100.258,100.234,,
duke energy gb,AV504231@IBVL Corp,2026-02-13,100.397,100.358,,
